headline,datePublished,articleBody
Pertunjukan 'The New Sergio Busquets' Saat Barcelona Permak Real Madrid,2025-01-14 14:45:00+07:00,"Barcelona tampil tangguh untuk menggilas sang rival Real Madrid dengan skor telak 5-2. Kemenangan ini lantas mengantar Barca jadi juara Supercopa de Espana alias Piala Super Spanyol 2025.
 Partai final dimainkan pada Senin, 13 Januari 2025 dini hari WIB di King Abdullah Sports City, Jeddah, Arab Saudi. Barca menyuguhkan performa impresif, beberapa pemain tampil menonjol.
 Nah, di tengah sorotan yang tertuju pada Raphinha sebagai Man of the Match, Marc Casado 'The New Sergio Busquets' juga mencuri perhatian dengan penampilan briliannya. 
                    
                        
                    

        
        Casado tidak memulai pertandingan dengan baik. Ia kehilangan bola yang menyebabkan gol pembuka Kylian Mbappe dalam lima menit pertama.
Namun, ia berhasil bangkit dan menunjukkan performa luar biasa sepanjang pertandingan.
Statistik mencatat, Casado memimpin di berbagai kategori. Ia menjadi pemain kedua yang paling banyak melepas umpan dengan tingkat keberhasilan 91%.
Selain itu, Casado mencatatkan 13 umpan sempurna ke area sepertiga akhir lawan, tertinggi di antara semua pemain di lapangan.

        
        Selain kemampuan playmaking-nya, Casado juga menunjukkan kekuatan defensif yang solid.
Ia mencatatkan tujuh pelanggaran untuk mengganggu aliran permainan Real Madrid dan menjadi pemain lapangan dengan jumlah intersepsi terbanyak, yakni enam kali.
Performa defensifnya memberikan keseimbangan yang krusial bagi Barcelona dalam menghadapi serangan Los Blancos.
Assist Casado untuk gol Raphinha menjadi momen puncak dalam permainannya, menambah koleksi enam assistnya musim ini, semuanya melawan lawan-lawan tangguh seperti Bayern Munchen, Real Madrid, dan AS Monaco.

        
        Penampilan Casado dalam pertandingan melawan Real Madrid menjadi bukti lebih lanjut bahwa Barcelona telah menemukan pengganti ideal untuk Sergio Busquets.
Dengan kemampuannya tampil di laga-laga besar, Casado terus menunjukkan performa yang konsisten dan mampu memberikan kontribusi signifikan dalam pertandingan-pertandingan penting.
Barcelona tentu berharap permain 21 tahun tersebut dapat mempertahankan momentum positif ini sepanjang sisa musim, memberikan kontribusi penting bagi upaya mereka dalam meraih gelar di berbagai kompetisi."
Real Madrid: Masalah Lini Belakang dan Dilema Transfer Trent Alexander-Arnold,2025-01-14 12:15:00+07:00,"Real Madrid terus dikaitkan dengan langkah transfer untuk bek kanan Liverpool, Trent Alexander-Arnold pada bursa Januari. Namun, yang lebih mendesak bagi Carlo Ancelotti saat ini adalah seorang bek tengah.
 Di laga imbang 2-2 Liverpool melawan Manchester United pekan lalu, muncul keraguan apakah Madrid mungkin mulai mempertimbangkan ulang rencana mereka untuk mendatangkan Alexander-Arnold.
 Pasalnya, di pertandingan tersebut, performa Alexander Arnold terbilang buruk. Dia terlihat kesulitan menghadapi Diogo Dalot di Anfield.
                    
                        
                    
 Namun, kekalahan telak Real Madrid dari Barcelona (2-5) di Piala Super Spanyol baru-baru ini justru menegaskan kebutuhan El Real.
 Madrid tentu sangat ingin mendatangkan bek kanan timnas Inggris itu sebelum jendela transfer ditutup. Namun, Alexander-Arnold bukan solusi instan untuk berbagai masalah mendalam yang sedang dihadapi Madrid. 

        
        Kekalahan telak Madrid di Clasico pertama musim ini, Oktober 2024 lalu, dengan skor 0-4 sudah menunjukkan masalah. Saat itu, fokus media lebih banyak tertuju pada Kylian Mbappe yang baru bergabung.
Ancelotti sadar bahwa timnya menghadapi masalah yang lebih besar, seperti kurangnya kontrol dan soliditas defensif. Kehadiran Mbappe memaksa perubahan komposisi lini depan Madrid, tetapi masalah utama mereka tetap pada kurangnya keseimbangan di lini pertahanan.
Kekalahan 1-3 dari AC Milan yang sebenarnya tidak begitu bagus, segera setelah kekalahan dari Barcelona, menegaskan bahwa masalah Madrid lebih dari sekadar performa individu pemain.
Ancelotti mengakui timnya sering tidak seimbang dalam menghadapi serangan balik, yang membuat mereka rentan di lini belakang.

        
        Akhir tahun lalu, Ancelotti lantas mengadakan pembicaraan internal dengan skuadnya dan menyatakan bahwa mereka mungkin telah menemukan solusi, meskipun masih dalam tahap teori.
Beberapa hasil pertandingan setelah diskusi tersebut memang memberikan harapan, dengan tiga clean sheet beruntun di La Liga. Namun, setiap kali menghadapi tim kuat, Madrid terus kesulitan tampil solid
Madrid perlu memperkuat lini pertahanan mereka secara keseluruhan, dan meski Alexander-Arnold bisa menjadi tambahan yang berharga, prioritas Ancelotti seharusnya adalah mencari bek tengah yang bisa memberikan stabilitas di jantung pertahanan.
Jika tidak, masalah defensif Madrid akan terus menjadi penghalang besar dalam ambisi mereka musim ini."
"Jadwal 16 Besar Copa del Rey Pekan Ini Live di RCTI dan iNews, 15-17 Januari 2025",2025-01-14 10:48:00+07:00,"Jadwal Copa del Rey 2024/2025 pekan ini, 15 hingga 17 Januari 2025. Piala Spanyol pekan ini menggelar laga-laga dari babak 16 besar, siaran langsung di RCTI dan iNews serta live streaming di Vision+.
 Copa del Rey musim ini merupakan edisi ke-123. Athletic Bilbao bertindak sebagai juara bertahan usai mengalahkan Real Mallorca lewat adu penalti di La Cartuja, April 2024 lalu.
 Bilbao pun masih berpeluang mempertahankan gelar mereka. Nico Williams dkk. akan berhadapan dengan sesama tim La Liga, Osasuna pada laga babak 16 besar.
                    
                        
                    
 Sementara itu, Barcelona dan Real Madrid masih menjadi unggulan utama untuk menjadi juara di musim ini. Keduanya sama-sama akan bertindak sebagai tuan rumah di babak 16 besar ini.
 Simak jadwal babak 16 besar Copa del Rey 2024/2025 selengkapnya di bawah ini. 

        
        
        
        
        
        
        
        Bolaneters bisa menyaksikan siaran langsung dan live streaming pertandingan Copa del Rey dengan cara berikut ini:
- Laman web Vision+ di https://www.visionplus.id/webclient/#/live atau aplikasi Vision+ di smartphone (Anda bisa berlangganan Vision+ paket Premium Sports dengan harga Rp35.000 per bulan atau Rp200.000 per tahun).
PERHATIAN: Jadwal siaran langsung bisa berubah sewaktu-waktu tanpa pemberitahuan terlebih dahulu dari stasiun televisi bersangkutan dan bukan merupakan tanggung jawab Bola.net."
Jadwal Lengkap La Liga 2024/2025,2025-01-14 09:06:00+07:00,"La Liga 2024/2025 berlangsung pada 16 Agustus 2024 dan berakhir pada 25 Mei 2025. Liga Spanyol selalu menawarkan pertandingan seru dan penuh drama.
 Tim-tim besar seperti Real Madrid dan Barcelona akan bersaing memperebutkan gelar juara. Selain itu, Atletico Madrid juga berambisi meraih trofi musim ini.
 Musim ini akan diwarnai dengan banyak perubahan, baik dalam komposisi tim maupun strategi. Para penggemar tentu tidak sabar menantikan pertandingan yang menegangkan.
                    
                        
                    
 La Liga juga menjadi ajang untuk melihat bintang-bintang muda tampil bersinar. Dengan talenta yang beragam, liga ini semakin menarik untuk diikuti.
 Jadwal lengkap La Liga 2024/2025 akan memberikan banyak momen spektakuler. Jangan lewatkan setiap pertandingan yang tak kalah seru dari musim sebelumnya.
 Simak jadwal lengkap La Liga 2024/2025 selengkapnya di bawah ini. 

        
        Jumat, 16 Agustus 2024
00:00 WIB Athletic Bilbao 1-1 Getafe02:30 WIB Real Betis 1-1 Girona
Sabtu, 17 Agustus 2024
00:00 WIB Celta Vigo 2-1 Deportivo Alaves02:30 WIB Las Palmas 2-2 Sevilla
Minggu, 18 Agustus 2024
00:00 WIB Osasuna 1-1 Leganes02:30 WIB Valencia 1-2 Barcelona
Senin, 19 Agustus 2024
00:00 WIB Real Sociedad 1-2 Rayo Vallecano02:30 WIB Real Mallorca 1-1 Real Madrid
Selasa, 20 Agustus 2024
00:00 WIB Real Valladolid 1-0 Espanyol02:30 WIB Villarreal 2-2 Atletico Madrid
Pekan 2Sabtu 24 Agustus 2024
00:00 WIB Celta Vigo 3-1 Valencia02:30 WIB Sevilla 1-2 Villarreal22:00 WIB Osasuna 1-0 Mallorca
Minggu 25 Agustus 2024
00.00 WIB Barcelona 2-1 Athletic Club02:30 WIB Espanyol 0-1 Real Sociedad02:30 WIB Getafe 0-0 Rayo Vallecano22:00 WIB Real Madrid 3-0 Valladolid
Senin 26 Agustus 2024
00:00 WIB Leganes 2-1 Las Palmas00:15 WIB Deportivo Alaves 0-0 Real Betis02:30 WIB Atletico Madrid 3-0 Girona

        
        Selasa, 27 Agustus 2024
02:30 WIB Villarreal 4-3 Celta Vigo
Rabu, 28 Agustus 2024
00:00 WIB Mallorca 0-0 Sevilla02:30 WIB Rayo Vallecano 1-2 Barcelona22:00 WIB Real Betis vs Getafe
Kamis, 29 Agustus 2024
00:00 WIB Athletic Club 1-0 Valencia00:00 WIB Real Valladolid 0-0 Leganes02:30 WIB Atletico Madrid 0-0 Espanyol02:30 WIB Real Sociedad 1-2 Deportivo Alaves
Jumat, 30 Agustus 2024
00:00 WIB Girona 4-0 Osasuna02:30 WIB Las Palmas 1-1 Real Madrid
Pekan 4Sabtu, 31 Agustus 2024
22:00 WIB Barcelona 7-0 Valladolid
Minggu, 1 September 2024
00:00 WIB Athletic Club 0-1 Atletico Madrid00:15 WIB Espanyol 2-1 Rayo Vallecano02:30 WIB Leganes 0-1 Mallorca02:30 WIB Valencia 1-1 Villarreal22:00 WIB Deportivo Alaves 2-0 Las Palmas22:00 WIB Osasuna 3-2 Celta Vigo
Senin, 2 September 2024
00:00 WIB Sevilla 0-2 Girona00:15 WIB Getafe 0-0 Real Sociedad02:30 WIB Real Madrid 2-0 Real Betis

        
        Sabtu, 14 September 2024
02:00 WIB Real Betis 2-0 Leganes19:00 WIB Mallorca 1-2 Villarreal21:15 WIB Espanyol 3-2 Deportivo Alaves23:30 WIB Sevilla 1-0 Getafe
Minggu, 15 September 2024
02:00 WIB Real Sociedad 0-2 Real Madrid19:00 WIB Celta Vigo 3-1 Valladolid21:15 WIB Girona 1-4 Barcelona23:30 WIB Las Palmas 2-3 Athletic Bilbao
Senin, 15 September 2024
02:00 WIB Atletico Madrid 3-0 Valencia
Selasa, 17 September 2024
02:00 WIB Rayo Vallecano 3-1 Osasuna
Pekan 6Sabtu, 21 September 2024
02:00 WIB Deportivo Alaves 2-1 Sevilla19:00 WIB Real Valladolid 0-0 Real Sociedad 21:15 WIB Osasuna 2-1 Las Palmas22:30 WIB Valencia 2-0 Girona
Minggu, 22 September 2024
02:00 WIB Real Madrid 4-1 Espanyol19:00 WIB Getafe 1-1 Leganes21:15 WIB Athletic Bilbao 3-1 Celta Vigo23:30 WIB Villarreal 1-5 Barcelona
Senin, 23 September 2024
02:00 WIB Rayo Vallecano 1-1 Atletico Madrid
Selasa, 24 September 2024
02:00 WIB Real Betis 1-2 Mallorca


        
        Rabu, 25 September 2024
00:00 WIB Sevilla 2-1 Real Valladolid00:00 WIB Valencia 0-0 Osasuna02:00 WIB Real Madrid 3-2 Deportivo Alaves
Kamis, 26 September 2024
00:00 WIB Girona 0-0 Rayo Vallecano02:00 WIB Barcelona 1-0 Getafe
Jumat, 27 September 2024
00:00 WIB Espanyol 1-2 Villarreal00:00 WIB Las Palmas 1-1 Real Betis02:00 WIB Celta Vigo 0-1 Atletico Madrid
Pekan 8Sabtu, 28 September 2024
02:00 WIB Real Valladolid 1-2 Mallorca19:00 WIB Getafe 2-0 Deportivo Alaves21:15 WIB Rayo Vallecano 1-1 Leganes23:30 WIB Real Sociedad 3-0 Valencia
Minggu, 29 September 2024
02:00 WIB Osasuna 4-2 Barcelona19:00 WIB Celta Vigo 1-1 Girona21:15 WIB Athletic Club 1-1 Sevilla23:30 WIB Real Betis 1-0 Espanyol
Senin, 30 September 2024
02:00 WIB Atletico Madrid 1-1 Real Madrid
Selasa, 1 Oktober 2024
02:00 WIB Villarreal 3-1 Las Palmas

        
        Sabtu, 5 Oktober 2024
02:00 WIB Leganes 0-0 Valencia19:00 WIB Espanyol 2-1 Mallorca21:15 WIB Getafe 1-1 Osasuna23:30 WIB Las Palmas 0-1 Celta Vigo23:30 WIB Real Valladolid 1-2 Rayo Vallecano
Minggu, 6 Oktober 2024
02:00 WIB Real Madrid 2-0 Villarreal19:00 WIB Girona 2-1 Athletic Club21:15 WIB Deportivo Alaves 0-3 Barcelona02:00 WIB Sevilla 1-0 Real Betis
Senin, 7 Oktober 2024
02:00 WIB Real Sociedad 1-1 Atletico Madrid
Pekan 10Sabtu, 19 Oktober 2024
02:00 WIB Deportivo Alaves 2-3 Real Valladolid19:00 WIB Athletic Club 4-1 Espanyol21:15 WIB Osasuna 1-2 Real Betis23:30 WIB Girona 0-1 Real Sociedad
Minggu, 20 Oktober 2024
02:00 WIB Celta Vigo 1-2 Real Madrid19:00 WIB Mallorca 1-0 Rayo Vallecano21:15 WIB Atletico Madrid 3-1 Leganes23:30 WIB Villarreal 1-1 Getafe
Senin, 21 Oktober 2024
02:00 WIB Barcelona 5-1 Sevilla
Selasa, 22 Oktober 2024
02:00 WIB Valencia 2-3 Las Palmas
Sabtu, 26 Oktober 2024
02:00 WIB Espanyol 0-2 Sevilla19:00 WIB Real Valladolid 1-2 Villarreal21:15 WIB Rayo Vallecano 1-0 Deportivo Alaves23:30 WIB Las Palmas 1-0 Girona
Minggu, 27 Oktober 2024
02:00 WIB Real Madrid 0-4 Barcelona20:00 WIB Leganes 3-0 Celta Vigo22:15 WIB Getafe 1-1 Valencia
Senin, 28 Oktober 2024
00:30 WIB Real Betis 1-0 Atletico Madrid03:00 WIB Real Sociedad 0-2 Osasuna
Selasa, 29 Oktober 2024
03:00 WIB Mallorca 0-0 Athletic Club
Pekan 12Sabtu, 2 November 2024
03:00 WIB Deportivo Alaves 1-0 Mallorca20:00 WIB Osasuna 1-0 Real Valladolid22:15 WIB Girona 4-3 Leganes
Minggu, 3 November 2024
00:30 WIB Villarreal 1-1 Rayo Vallecano03:00 WIB Valencia 1-2 Real Madrid20:00 WIB Atletico Madrid 2-0 Las Palmas22:15 WIB Barcelona 3-1 Espanyol
Senin, 4 November 2024
00:30 WIB Sevilla 0-2 Real Sociedad03:00 WIB Athletic Club 1-1 Real Betis
Selasa, 5 November 2024
03:00 WIB Celta Vigo 1-0 Getafe
Sabtu, 9 November 2024
03:00 WIB Rayo Vallecano 1-3 Las Palmas20:00 WIB Real Madrid 4-0 Osasuna22:15 WIB Villarreal 3-0 Deportivo Alaves
Minggu, 10 November 2024
00:30 WIB Espanyol vs Valencia (ditunda)03:00 WIB Leganes 1-0 Sevilla20:00 WIB Real Betis 2-2 Celta Vigo22:15 WIB Mallorca 0-1 Atletico Madrid
Senin, 11 November 2024
00:30 WIB Getafe 0-1 Girona00:30 WIB Real Valladolid 1-1 Athletic Club03:00 WIB Real Sociedad 1-0 Barcelona
Pekan 14Sabtu, 23 November 2024
03:00 WIB Getafe 2-0 Real Valladolid20:00 WIB Valencia 4-2 Real Betis22:15 WIB Atletico Madrid 2-1 Deportivo Alaves
Minggu, 24 November 2024
00:30 WIB Las Palmas 2-3 Mallorca00:30 WIB Girona 4-1 Espanyol03:00 WIB Celta Vigo 2-2 Barcelona20:00 WIB Osasuna 2-2 Villarreal22:15 WIB Sevilla 1-0 Rayo Vallecano
Senin, 25 November 2024
00:30 WIB Leganes 0-3 Real Madrid03:00 WIB Athletic Club 1-0 Real Sociedad
Sabtu, 30 November 2024
03:00 WIB Mallorca 2-1 Valencia20:00 WIB Barcelona 1-2 Las Palmas22:15 WIB Deportivo Alaves 1-1 Leganes
Minggu, 1 Desember 2024
00:30 WIB Espanyol 3-1 Celta Vigo03:00 WIB Real Valladolid 0-5 Atletico Madrid20:00 WIB Villarreal 2-2 Girona22:15 WIB Real Madrid 2-0 Getafe
Senin, 2 Desember 2024
00:30 WIB Rayo Vallecano 1-2 Athletic Club03:00 WIB Real Sociedad 2-0 Real Betis
Selasa, 3 Desember 2024
03:00 WIB Sevilla 1-1 Osasuna
Pekan 16Sabtu, 7 Desember 2024
03:00 WIB Celta Vigo 2-0 Mallorca20:00 WIB Las Palmas 2-1 Real Valladolid22:15 WIB Real Betis 2-2 Barcelona
Minggu, 8 Desember 2024
00:30 WIB Valencia 0-1 Rayo Vallecano03:00 WIB Girona 0-3 Real Madrid20:00 WIB Leganes 0-3 Real Sociedad22:15 WIB Athletic Club 2-0 Villarreal
Senin, 9 Desember 2024
00:30 WIB Osasuna 2-2 Deportivo Alaves03:00 WIB Atletico Madrid 4-3 Sevilla
Selasa, 10 Desember 2024
03:00 WIB Getafe 1-0 Espanyol
Sabtu, 14 Desember 2024
03:00 WIB Real Valladolid 1-0 Valencia20:00 WIB Espanyol 0-0 Osasuna22:15 WIB Mallorca 2-1 Girona
Minggu, 15 Desember 2024
00:30 WIB Sevilla 1-0 Celta Vigo03:00 WIB Rayo Vallecano 3-3 Real Madrid20:00 WIB Atletico Madrid 1-0 Getafe22:15 WIB Deportivo Alaves 1-1 Athletic Club
Senin, 16 Desember 2024
00:30 WIB Villarreal 1-2 Real Betis00:30 WIB Real Sociedad 0-0 Las Palmas03:00 WIB Barcelona 0-1 Leganes
Pekan 18Sabtu, 21 Desember 2024
03:00 WIB Girona 3-0 Real Valladolid20:00 WIB Getafe 0-1 Mallorca22:15 WIB Celta Vigo 2-0 Real Sociedad
Minggu, 22 Desember 2024
00:30 WIB Osasuna 1-2 Athletic Club03:00 WIB Barcelona 1-2 Atletico Madrid20:00 WIB Valencia 2-2 Deportivo Alaves22:15 WIB Real Madrid 4-2 Sevilla
Senin, 23 Desember 2024
00:30 WIB Leganes 2-5 Villarreal00:30 WIB Las Palmas 1-0 Espanyol03:00 WIB Real Betis 1-1 Rayo Vallecano
Rabu, 4 Desember 2024
01:00 WIB Mallorca 1 - 5 Barcelona
Kamis, 5 Desember 2024
03:00 WIB Athletic Club 2 - 1 Real Madrid
Sabtu, 11 Januari 2025
03:00 WIB Rayo Vallecano 2-1 Celta Vigo20:00 WIB Deportivo Alaves 0-1 Girona22:15 WIB Real Valladolid 1-0 Real Betis
Minggu, 12 Januari 2025
00:30 WIB Espanyol 1-1 Leganes03:00 WIB Sevilla 1-1 Valencia20:00 WIB Las Palmas 1-2 Getafe22:15 WIB Atletico Madrid 1-0 Osasuna
Selasa, 14 Januari 2025
03:00 WIB Real Sociedad 1-0 Villarreal
Pekan 20Sabtu, 18 Januari 2025
03:00 WIB Espanyol vs Real Valladolid20:00 WIB Osasuna vs Rayo Vallecano22:15 WIB Leganes vs Atletico Madrid
Minggu, 19 Januari 2025
00:30 WIB Celta de Vigo vs Athletic Club03:00 WIB Getafe vs Barcelona20:00 WIB Real Betis vs Deportivo Alaves22:15 WIB Real Madrid vs Las Palmas
Senin, 20 Januari 2025
00:30 WIB Valencia vs Real Sociedad03:00 WIB Girona vs Sevilla
Selasa, 21 Januari 2025
03:00 WIB Villarreal vs Mallorca
Sabtu, 25 Januari 2025
03:00 WIB Las Palmas vs Osasuna20:00 WIB Mallorca vs Real Betis22:15 WIB Atletico Madrid vs Villarreal
Minggu, 26 Januari 2025
00:30 WIB Sevilla vs Espanyol03:00 WIB Real Valladolid vs Real Madrid20:00 WIB Rayo Vallecano vs Girona22:15 WIB Real Sociedad vs Getafe
Senin, 27 Januari 2025
00:30 WIB Athletic Club vs Leganes03:00 WIB Barcelona vs Valencia
Selasa, 28 Januari 2025
03:00 WIB Deportivo Alaves vs Celta Vigo
Pekan 22Sabtu, 1 Februari 2025
03:00 WIB Leganes vs Rayo Vallecano20:00 WIB Getafe vs Sevilla22:15 WIB Villarreal vs Real Valladolid
Minggu, 2 Februari 2025
00:30 WIB Atletico Madrid vs Mallorca03:00 WIB Espanyol vs Real Madrid20:00 WIB Barcelona vs Deportivo Alaves22:15 WIB Valencia vs Celta de Vigo
Senin, 3 Februari 2025
00:30 WIB Osasuna vs Real Sociedad03:00 WIB Real Betis vs Athletic Club
Selasa, 4 Februari 2025
03:00 WIB Girona vs Las Palmas
Minggu, 9 Februari 2025
23:00 WIB Athletic Bilbao vs Girona23:00 WIB Celta Vigo vs Real Betis23:00 WIB Deportivo Alaves vs Getafe23:00 WIB Las Palmas vs Villarreal23:00 WIB Mallorca vs Osasuna23:00 WIB Rayo Vallecano vs Real Valladolid23:00 WIB Real Madrid vs Atletico Madrid23:00 WIB Real Sociedad vs Espanyol23:00 WIB Sevilla vs Barcelona23:00 WIB Valencia vs Leganes
Pekan 24Minggu, 16 Februari 2025
23:00 WIB Atletico Madrid vs Celta Vigo23:00 WIB Barcelona vs Rayo Vallecano23:00 WIB Espanyol vs Athletic Bilbao23:00 WIB Girona vs Getafe23:00 WIB Leganes vs Deportivo Alaves23:00 WIB Mallorca vs Las Palmas23:00 WIB Osasuna vs Real Madrid23:00 WIB Real Betis vs Real Sociedad23:00 WIB Real Valladolid vs Sevilla23:00 WIB Villarreal vs Valencia
Minggu, 25 Februari 2025
23:00 WIB Athletic Club vs Real Valladolid23:00 WIB Celta Vigo vs Osasuna23:00 WIB Deportivo Alaves vs Espanyol23:00 WIB Getafe vs Real Betis23:00 WIB Las Palmas vs Barcelona23:00 WIB Rayo Vallecano vs Villarreal23:00 WIB Real Madrid vs Girona23:00 WIB Real Sociedad vs Leganes23:00 WIB Sevilla vs Mallorca23:00 WIB Valencia vs Atletico Madrid
Pekan 26Minggu, 2 Maret 2025
23:00 WIB Atletico Madrid vs Athletic Club23:00 WIB Barcelona vs Real Sociedad23:00 WIB Girona vs Celta Vigo23:00 WIB Leganes vs Getafe23:00 WIB Mallorca vs Deportivo Alaves23:00 WIB Osasuna vs Valencia23:00 WIB Rayo Vallecano vs Sevilla23:00 WIB Real Betis vs Real Madrid23:00 WIB Real Valladolid vs Las Palmas23:00 WIB Villarreal vs Espanyol
Minggu, 9 Maret 2025
23:00 WIB Athletic Club vs Mallorca23:00 WIB Barcelona vs Osasuna23:00 WIB Celta Vigo vs Leganes23:00 WIB Deportivo Alaves vs Villarreal23:00 WIB Espanyol vs Girona23:00 WIB Getafe vs Atletico Madrid23:00 WIB Real Betis vs Las Palmas23:00 WIB Real Madrid vs Rayo Vallecano23:00 WIB Real Sociedad vs Sevilla23:00 WIB Valencia vs Real Valladolid
Pekan 28Minggu, 16 Maret 2025
23:00 WIB Atletico Madrid vs Barcelona23:00 WIB Girona vs Valencia23:00 WIB Las Palmas vs Deportivo Alaves23:00 WIB Leganes vs Real Betis23:00 WIB Mallorca vs Espanyol23:00 WIB Osasuna vs Getafe23:00 WIB Rayo Vallecano vs Real Sociedad23:00 WIB Real Valladolid vs Celta Vigo 23:00 WIB Sevilla vs Athletic Club23:00 WIB Villarreal vs Real Madrid
Minggu, 30 Maret 2025
22:00 WIB Athletic Club vs Osasuna22:00 WIB Barcelona vs Girona22:00 WIB Celta Vigo vs Las Palmas22:00 WIB Deportivo Alaves vs Rayo Vallecano22:00 WIB Espanyol vs Atletico Madrid22:00 WIB Getafe vs Villarreal22:00 WIB Real Betis vs Sevilla22:00 WIB Real Madrid vs Leganes22:00 WIB Real Sociedad vs Real Valladolid22:00 WIB Valencia vs Mallorca
Pekan 30Minggu, 6 April 2025
22:00 WIB Barcelona vs Real Betis22:00 WIB Girona vs Deportivo Alaves22:00 WIB Las Palmas vs Real Sociedad22:00 WIB Leganes vs Osasuna22:00 WIB Mallorca vs Celta Vigo22:00 WIB Rayo Vallecano vs Espanyol22:00 WIB Real Madrid vs Valencia22:00 WIB Real Valladolid vs Getafe22:00 WIB Sevilla vs Atletico Madrid22:00 WIB Villarreal vs Athletic Club
Minggu, 13 April 2025
22:00 WIB Athletic Club vs Rayo Vallecano22:00 WIB Atletico Madrid vs Real Valladolid22:00 WIB Celta Vigo vs Espanyol22:00 WIB Deportivo Alaves vs Real Madrid22:00 WIB Getafe vs Las Palmas22:00 WIB Leganes vs Barcelona22:00 WIB Osasuna vs Girona22:00 WIB Real Betis vs Villarreal22:00 WIB Real Sociedad vs Mallorca22:00 WIB Valencia vs Sevilla
Pekan 32Minggu, 20 April 2025
22:00 WIB Barcelona vs Celta Vigo22:00 WIB Espanyol vs Getafe22:00 WIB Girona vs Real Betis22:00 WIB Las Palmas vs Atletico Madrid22:00 WIB Mallorca vs Leganes22:00 WIB Rayo Vallecano vs Valencia22:00 WIB Real Madrid vs Athletic Club22:00 WIB Real Valladolid vs Osasuna22:00 WIB Sevilla vs Deportivo Alaves22:00 WIB Villarreal vs Real Sociedad
Rabu, 23 April 2025
22:00 WIB Athletic Club vs Las Palmas22:00 WIB Atletico Madrid vs Rayo Vallecano22:00 WIB Barcelona vs Mallorca22:00 WIB Celta Vigo vs Villarreal22:00 WIB Deportivo Alaves vs Real Sociedad22:00 WIB Getafe vs Real Madrid22:00 WIB Leganes vs Girona22:00 WIB Osasuna vs Sevilla22:00 WIB Real Betis vs Real Valladolid22:00 WIB Valencia vs Espanyol
Pekan 34Minggu, 4 Mei 2025
22:00 WIB Deportivo Alaves vs Atletico Madrid22:00 WIB Espanyol vs Real Betis22:00 WIB Girona vs Mallorca22:00 WIB Las Palmas vs Valencia22:00 WIB Rayo Vallecano vs Getafe22:00 WIB Real Madrid vs Celta Vigo22:00 WIB Real Sociedad vs Athletic Club22:00 WIB Real Valladolid vs Barcelona22:00 WIB Sevilla vs Leganes22:00 WIB Villarreal vs Osasuna
Minggu, 11 Mei 2025
22:00 WIB Athletic Club vs Deportivo Alaves22:00 WIB Atletico Madrid vs Real Sociedad22:00 WIB Barcelona vs Real Madrid22:00 WIB Celta Vigo vs Sevilla22:00 WIB Girona vs Villarreal22:00 WIB Leganes vs Espanyol22:00 WIB Mallorca vs Real Valladolid22:00 WIB Real Betis vs Osasuna22:00 WIB Valencia vs Getafe22:00 WIB Las Palmas vs Rayo Vallecano
Pekan 36Rabu, 14 Mei 2025
22:00 WIB Deportivo Alaves vs Valencia22:00 WIB Espanyol vs Barcelona22:00 WIB Getafe vs Athletic Club22:00 WIB Osasuna vs Atletico Madrid22:00 WIB Rayo Vallecano vs Real Betis22:00 WIB Real Madrid vs Mallorca22:00 WIB Real Sociedad vs Celta Vigo22:00 WIB Real Valladolid vs Girona22:00 WIB Sevilla vs Las Palmas22:00 WIB Villarreal vs Leganes
Minggu, 18 Mei 2025
22:00 WIB Atletico Madrid vs Real Betis22:00 WIB Barcelona vs Villarreal22:00 WIB Celta Vigo vs Rayo Vallecano22:00 WIB Las Palmas vs Leganes22:00 WIB Mallorca vs Getafe22:00 WIB Osasuna vs Espanyol22:00 WIB Real Sociedad vs Girona22:00 WIB Real Valladolid vs Deportivo Alaves22:00 WIB Sevilla vs Real Madrid22:00 WIB Valencia vs Athletic Club
Pekan 38Minggu, 25 Mei 2025
22:00 WIB Athletic Club vs Barcelona22:00 WIB Deportivo Alaves vs Osasuna22:00 WIB Espanyol vs Las Palmas22:00 WIB Getafe vs Celta Vigo22:00 WIB Girona vs Atletico Madrid22:00 WIB Leganes vs Real Valladolid22:00 WIB Rayo Vallecano vs Mallorca22:00 WIB Real Betis vs Valencia22:00 WIB Real Madrid vs Real Sociedad22:00 WIB Villarreal vs Sevilla"
Ancelotti Ogah Cari Kambing Hitam Atas Kekalahan Madrid Dari Barcelona: Tak Akan Sebut Nama,2025-01-13 20:52:00+07:00,"Pelatih Real Madrid Carlo Ancelotti menegaskan tak akan mencari kambing hitam atas kekalahan El Real dari Barcelona, Senin (13/01/2025) dini hari WIB.
 Madrid bersua Barcelona di final Supercopa de Espana 2025 di King Abdullah Sports City, Jeddah, Arab Saudi. Laga El Clasico itu berlangsung seru.
 Barcelona bisa comeback melawan Madrid. Saat itu Los Blancos mencetak gol lebih dahulu melalui Mbappe.
                    
                        
                    
 Barcelona kemudian bisa membalas lima gol sekaligus. Di sisi lain Madrid cuma mencetak satu gol tambahan. 

        
        Di pertandingan El Clasico ini, skuad Real Madrid rata-rata tampil buruk. Beberapa pemain bahkan membuat kesalahan yang berakibat pada terciptanya gol Barcelona.
Di antaranya ada Lucas Vazquez. Ia sejak awal jadi target serangan Barca dan kewalahan menghadapi serbuan Raphinha dan Alejandro Balde sebelum akhirnya ditarik keluar tak lama setelah babak kedua berjalan.
Lalu ada Aurelien Tchouameni, yang bertahan dengan buruk ketika Barcelona menciptakan gol pertamanya melalui Lamine Yamal. Ia akhirnya ditarik keluar setelah laga berjalan sekitar satu jam.
Federico Valverde bahkan juga ikut tampil di bawah standar. Blundernya juga berbuntut terciptanya gol keempat Barcelona.

        
        Skuad Real Madrid tentu saja disorot atas kekalahan tersebut. Namun Carlo Ancelotti kemudian pasang badan untuk para pemainnya.
Khususnya mereka yang dianggap melakukan kesalahan fatal di laga El Clasico tersebut. Pasalnya gol-gol Barcelona adalah imbas kesalahan kolektif skuad Madrid.
&ldquo;Saya tidak akan menyebut nama siapa pun. Itu masalah kolektif,"" tegasnya pada laman resmi Real Madrid.
""Kami tidak bertahan dengan baik di lini belakang atau tengah lapangan. Tim tidak kompak dan kami harus kembali bertahan dengan lebih baik,"" tegas Ancelotti.

        
        Kompetisi: Copa del Rey
Pertandingan: Real Madrid vs Celta Vigo
Stadion: Santiago Bernabeu
Hari: Jumat, 17 Januari 2025
Kickoff: 03.30 WIB

        
        
(realmadrid.com)"
Pedih! Ancelotti Sempat Pede Madrid Bisa Balikkan Skor Lawan Barcelona,2025-01-13 19:46:00+07:00,"Pelatih Real Madrid Carlo Ancelotti sempat merasa percaya diri timnya bakal bisa membalikkan skor melawan Barcelona setelah Wojciech Szczesny dikartu merah.
 Madrid berduel lawan Barcelona di final Supercopa de Espana 2025 di King Abdullah Sports City, Jeddah, Arab Saudi, Senin (13/01/2025). Los Blancos bisa unggul 1-0 lebih dahulu berkat gol Kylian Mbappe.
 Namun setelah itu Barcelona mengamuk. Mereka mencetak lima gol sekaligus melalui Lamine Yamal, Robert Lewandowski, Raphinha, dan Alejandro Balde.
                    
                        
                    
 Raphinha tampil apik. Ia mencetak dua gol di pertandingan tersebut. 

        
        Di awal babak kedua, tepatnya pada menit ke-56, Barcelona harus bermain dengan 10 pemain saja. Sebab kiper mereka yakni Wojciech Szczesny dikartu merah langsung oleh wasit.
Szczesny diusir keluar lapangan karena melanggar Kylian Mbappe di luar kotak penalti. Saat itu Madrid tertinggal 1-5.
Pada menit ke-60, Madrid akhirnya bisa mencetak gol keduanya. Rodrygo menjebol gawang Barca dari tendangan bebas.

        
        Usai pertandingan, Carlo Ancelotti mengakui bahwa kartu merah untuk Wojciech Szczesny itu ia anggap sebagai angin sejuk bagi Real Madrid. Ia merasa pede Madrid akan bisa membalikkan skor lawan Barcelona.
&ldquo;Saat ia dikeluarkan, saya pikir kami bisa mencoba melakukan perlawanan. Saya tidak memikirkan hal lain,"" ujarnya pada laman resmi Real Madrid.
Namun rasa percaya diri itu kemudian runtuh. Sebab lini pertahanan Madrid tampil ambyar.
""Kami harus bertahan dengan baik untuk memenangkan pertandingan ini. Kami bertahan dengan buruk dan Barcelona pantas menang. Mereka bertahan lebih baik dari kami,"" aku Ancelotti.

        
        Kompetisi: Copa del Rey
Pertandingan: Real Madrid vs Celta Vigo
Stadion: Santiago Bernabeu
Hari: Jumat, 17 Januari 2025
Kickoff: 03.30 WIB

        
        
(realmadrid.com)"
Fair Play! Modric Akui Barcelona Tampil Lebih Baik Ketimbang Real Madrid,2025-01-13 18:57:00+07:00,"Gelandang Real Madrid, Luka Modric, mengakui bahwa Barcelona tampil lebih baik ketimbang timnya di final Supercopa de Espana 2025, Senin (13/01/2025) dini hari WIB.
 Madrid berduel lawan Barcelona di King Abdullah Sports City, Jeddah, Arab Saudi. Pertandingan itu berlangsung seru dan menarik karena tujuh gol berhasil tercipta.
 Madrid dikalahkan oleh Barca dengan skor 2-5. Padahal Blaugrana bermain dengan 10 pemain setelah di awal babak kedua, Wojciech Szczesny dikartu merah wasit.
                    
                        
                    
 Gol-gol Madrid dicetak oleh Kylian Mbappe dan Rodrygo. Sementara itu gol Barcelona dihasilkan Lamine Yamal, Robert Lewandowski, Raphinha, dan Alejandro Balde. 

        
        Usai pertandingan, Luka Modric dengan jantan mengakui bahwa Real Madrid memang tampil amburadul di laga tersebut. Pernyataan ini mengamini komentar Carlo Ancelotti yang menyebut skuad El Real mayoritas tampil buruk kecuali Kylian Mbappe.
Modric juga mengakui bahwa Barcelona lebih baik dari Madrid. Ia menegaskan sang rival lebih layak jadi juara.
""Kami tidak tampil baik. Barcelona lebih baik dan kami harus memberi selamat kepada mereka,"" ujarnya pada laman resmi Real Madrid.
""Kami harus memulihkan ritme kami karena kami dalam performa yang baik di liga,"" sambung Modric.

        
        Luka Modric kemudian menyatakan rasa kasihannya kepada fans Real Madrid. Ia lantas bertekad untuk membuat mereka tersenyum lagi di sisa musim ini.
""Inilah sepak bola, kami merasa kasihan kepada para penggemar dan diri kami sendiri. Akan tetapi kami harus terus maju dan bersatu,"" serunya.
""Masih banyak pertandingan sepak bola yang tersisa musim ini dan kami ingin memberikan banyak kegembiraan kepada para penggemar kami,"" tandas Modric.

        
        Kompetisi: Copa del Rey
Pertandingan: Real Madrid vs Celta Vigo
Stadion: Santiago Bernabeu
Hari: Jumat, 17 Januari 2025
Kickoff: 03.30 WIB

        
        
(realmadrid.com)"
"Madrid Disikat Barcelona di Final Supercopa de Espana, Modric: Sulit Untuk Menerima Kekalahan Ini",2025-01-13 18:15:00+07:00,"Gelandang Real Madrid Luka Modric mengakui kekalahan dari Barcelona sulit diterima tapi ia berharap timnya bisa segera bangkit di laga berikutnya.
 Madrid baru saja berduel lawan Barcelona di final Supercopa de Espana 2025 di King Abdullah Sports City, Jeddah, Arab Saudi, Senin (13/01/2025). Los Blancos awalnya membuka laga dengan menjanjikan.
 Mereka mencetak gol cepat melalui Mbappe. Namun pada akhirnya Barcelona bisa mengalahkan Madrid dengan skor 2-5!
                    
                        
                    
 Padahal Barcelona sempat bermain dengan 10 pemain saja sejak menit ke-56. Sebab Wojciech Szczesny dikartu merah langsung oleh wasit. 

        
        Usai pertandingan, Luka Modric mengakui bahwa kekalahan dari Barcelona itu sangat menyedihkan. Bahkan kekalahan itu sulit dicerna oleh dirinya.
Namun ia tak mau Madrid meratapi hasil tersebut secara berlarut-larut. Ia ingin rekan-rekannya bersatu dan bangkit kembali.
&ldquo;Sulit untuk menerima kekalahan ini. Kami harus bersatu, menjadi tim, dan bereaksi sama seperti yang kami lakukan setelah kalah dari mereka di LaLiga,"" serunya di laman resmi Madrid.

        
        Luka Modrid kemudian mengatakan akan membawa Real Madrid bangkit di laga berikutnya. Setelah lawan Barcelona, Los Blancos bakal berduel di pentas Copa Del Rey melawan Celta Vigo di Santiago Bernabeu.
""Kami menunjukkan reaksi dan saya harap kami akan bereaksi terhadap kekalahan berat ini, karena kami tidak menyangka akan kalah seperti ini,"" ujarnya pedih. 
""Bagus juga pertandingan piala akan segera dimulai dan kami tidak punya banyak waktu untuk menyesal. Jika kami harus memilih final untuk kalah, kami lebih suka kalah di final ini,"" tandas Modric.

        
        Kompetisi: Copa del Rey
Pertandingan: Real Madrid vs Celta Vigo
Stadion: Santiago Bernabeu
Hari: Jumat, 17 Januari 2025
Kickoff: 03.30 WIB

        
        
(realmadrid.com)"
"Dipermalukan Barcelona, Statistik Mengecewakan Real Madrid Terkuak",2025-01-13 13:45:00+07:00,"Real Madrid kembali mengalami kekalahan telak di El Clasico, kali ini dihancurkan dengan skor 2-5 oleh Barcelona di final Piala Super Spanyol.
 Senin 13 Januari 2025, Madrid berhadapan dengan Barcelona di final Supercopa de Espana 2025. Pertandingan dimainkan di King Abdullah Sport City Stadium, Jeddah, Arab Saudi.
 Madrid sebenarnya unggul lebih dahulu lewat gol Kylian Mbappe di menit ke-5, tapi setelahnya Barcelona ngamuk. Blaugrana mencetak lima gol lewat aksi Lamine Yamal (22'), Robert Lewandowski (36'), Raphinha (39', 48'), dan Alejandro Balde (45+10').
                    
                        
                    
 Pertahanan Madrid yang lemah menjadi sorotan utama pertandingan ini. El Real begitu rapuh menghadapi serangan balik cepat Barcelona. Lima gol tercipta dalam 50 menit, memperlihatkan kelemahan mendasar dalam permainan Madrid. 

        
        Duel El Clasico kali ini jauh dari kata tenang atau kehati-hatian. Sejak menit pertama, kekacauan langsung terjadi.
Kylian Mbappe membuka skor melalui serangan balik yang terorganisir dengan baik, melepaskan tembakan keras setelah menguasai bola dengan baik. Namun, itu adalah puncak permainan bagi Real Madrid.
Memimpin dengan cepat seharusnya memberikan awal yang sempurna bagi Madrid. Namun, kenyataan berkata lain.
Untuk pertama kalinya sejak 2011, Madrid memimpin terlebih dahulu namun tertinggal di ujung babak pertama.
Bahkan terakhir kali mereka kalah dengan skor besar setelah unggul lebih dahulu terjadi pada El Clasico Mei 2009, saat itu kalah dengan skor 1-3. Nahas, kekalahan kali ini lebih menyakitkan karena Barcelona mencetak empat gol dalam sisa 40 menit babak pertama.
Barcelona mendominasi dengan 66% penguasaan bola di babak pertama, menciptakan 13 tembakan dan lima peluang besar.

        
        Untuk pertama kalinya dalam beberapa tahun, Real Madrid tampaknya memiliki susunan pemain terkuat yang terlihat jelas. Musim ini, tidak banyak pilihan pemain yang bisa diandalkan Ancelotti.
Meski Dani Carvajal seharusnya mengisi posisi Lucas Vazquez dan Aurelien Tchouameni tidak seharusnya berada di lini belakang jika bukan karena beberapa cedera, susunan pemain yang diturunkan di Jeddah sudah bisa diprediksi.
Carlo Ancelotti akan diserang kritik, tapi faktanya tidak banyak yang bisa dia lakukan untuk memilih susunan pemain berbeda.
Pergantian Dani Ceballos di babak kedua mencerminkan kesalahan yang dibuat, meskipun sulit membayangkan dia bisa jadi starter di atas Eduardo Camavinga, yang nahasnya menjalani salah satu pertandingan terburuknya dalam seragam Madrid."
Kesalahan Taktik Real Madrid: Ancelotti Gagal Mengantisipasi Barcelona,2025-01-13 13:15:00+07:00,"Kekalahan 2-5 Real Madrid dari Barcelona di final Piala Super Spanyol menunjukkan bahwa Los Blancos kalah dalam setiap aspek permainan, mulai dari taktik hingga eksekusi di lapangan.
 Meskipun unggul jumlah pemain sejak menit ke-56, yaitu setelah Wojciech Szczesny diusir keluar lapangan, Real Madrid tetap gagal memanfaatkan situasi ini dan tampak kebingungan sepanjang pertandingan.
 Madrid sebenarnya unggul lebih dahulu lewat gol cepat Kylian Mbappe di menit ke-5. Namun, setelahnya mereka justru kehilangan kontrol dan membiarkan Barca balas mencetak 5 gol bahkan sebelum 50 menit pertandingan berjalan. 
                    
                        
                    

        
        Kartu merah Szczesny seharusnya menguntungkan bagi Madrid, tapi faktanya tidak demikian.
Barcelona bermain dengan 10 pemain hanya memberikan sedikit kelegaan bagi Madrid, sebab mulai menit itu, Barcelona mulai bermain lebih defensif dan mengurangi intensitas serangan.
Sampai sebelum insiden kartu merah, tim asuhan Hansi Flick tampak akan mencetak gol setiap kali menguasai bola, sama seperti dalam El Clasico sebelumnya pada Oktober 2024.
Masalah utama Madrid bukan hanya kesalahan individu, tetapi juga kegagalan sistemik yang sudah lama membayangi. Dengan Federico Valverde dan Eduardo Camavinga di posisi double pivot, lini tengah Madrid gagal melacak pergerakan pemain Barcelona, yang bebas bergerak di zona berbahaya.
Ketika lini tengah terbongkar, Lamine Yamal dan Raphinha dengan mudah menembus pertahanan yang terus dalam keadaan panik.

        
        Upaya pressing Madrid terhadap Barcelona terbukti salah dan dieksekusi dengan buruk. Barcelona dengan cerdas memancing Madrid untuk menekan, dan Los Blancos jatuh ke dalam jebakan, meninggalkan struktur pertahanan yang berantakan.
Carlo Ancelotti dengan pengalamannya, seharusnya sudah mengetahui kekuatan permainan posisional Barcelona dan kemampuan mereka mengeksploitasi celah dengan kejam.
Kesalahan individual seperti yang dilakukan Lucas Vazquez atau Aurelien Tchouam&eacute;ni memang terlihat jelas, namun tanggung jawab utama ada pada Ancelotti.
Ancelotti memahami kelemahan timnya di sisi defensif, tapi dia tidak punya rencana untuk mengatasi itu. 

        
        Harus diakui Ancelotti tampak tidak memiliki rencana taktik yang jelas untuk pertandingan. Usai laga, ketika ditanya soal persiapan tim, dia hanya menjawab: &ldquo;Rencananya adalah bermain,&rdquo;
Kegagalan untuk mengantisipasi permainan Barcelona dan merespon secara taktis memperlihatkan perlunya perubahan mendasar dalam pendekatan Ancelotti jika Madrid ingin kembali ke jalur kemenangan di laga-laga penting."
"Kylian Mbappe Main Bagus, Satu-Satunya Hal Positif di Balik Kekalahan Real Madrid",2025-01-13 11:45:00+07:00,"Real Madrid harus menanggung malu setelah kalah telak 2-5 dari Barcelona di final Piala Super Spanyol. Kylian Mbappe sempat memberi harapan dengan gol pembuka, namun mimpi buruk segera menyusul ketika Barcelona mencetak empat gol sebelum jeda.
 Lamine Yamal membuka keran gol Barcelona di menit ke-22, diikuti penalti dari Robert Lewandowski, dan dua gol tambahan dari Raphinha serta Alejandro Balde di masa injury time babak pertama.
 Real Madrid terlihat tak berdaya menghadapi dominasi Barcelona di lapangan. Di babak kedua, Raphinha kembali mencetak gol, memperbesar keunggulan menjadi 5-1.
                    
                        
                    
 Rodrygo mencetak gol balasan melalui tendangan bebas setelah kiper Wojciech Szczesny diusir keluar lapangan, namun itu tak cukup untuk mengubah hasil akhir yang mengecewakan. 

        
        Setelah pertandingan, Carlo Ancelotti mengakui buruknya penampilan tim. Ia memuji penampilan Kylian Mbappe, namun menekankan perlunya melupakan hasil ini dan fokus ke depan.
""Kami tidak bertahan dengan baik. Mereka mencetak gol dengan sangat mudah,"" ujar Ancelotti.
Kekalahan ini memperlihatkan kelemahan Madrid dalam menghadapi laga penting musim ini, termasuk kekalahan dari Milan dan Liverpool di Eropa.
""Kami tidak bermain dengan baik secara kolektif maupun secara individual. Ini membuat kami sedih dan kecewa. Beginilah sepak bola.""

        
        Ancelotti juga ditanya soal performa para pemain Real Madrid. Dia diminta menyebutkan satu hal positif dari kekalahan kali ini. Katanya:
""Saya tidak akan menyembunyikan apa pun. Kylian Mbappe menunjukkan permainan yang sangat bagus. Sekarang kami harus melupakan sisanya dan menatap ke depan,"" lanjut Ancelotti.
""Saya kecewa dan saya tidak perlu menyembunyikan itu. Namun, beginilah sepak bola. Terkadang Anda bisa menang, kali lain Anda harus belajar dari kekalahan,"" tandasnya."
"Sudah Dua El Clasico Musim Ini: Real Madrid Bobol 9 Gol, Barcelona Menang dan Menang",2025-01-13 10:15:00+07:00,"Real Madrid sudah dua kali bertemu dengan rival abadi Barcelona dalam duel sengit El Clasico musim ini. Nahas, El Real dua kali pula merasakan kekalahan, dan dengan skor besar.
 Senin 13 Januari 2025, Madrid berhadapan dengan Barcelona di final Supercopa de Espana 2025. Pertandingan dimainkan di King Abdullah Sport City Stadium, Jeddah, Arab Saudi.
 Madrid sebenarnya unggul lebih dahulu lewat gol Kylian Mbappe di menit ke-5, tapi setelahnya Barcelona ngamuk. Blaugrana mencetak lima gol lewat aksi Lamine Yamal (22'), Robert Lewandowski (36'), Raphinha (39', 48'), dan Alejandro Balde (45+10').
                    
                        
                    
 Madrid sempat membalas lagi lewat gol Rodrygo di menit ke-60, tapi pertandingan sudah diamankan Barca. SKor akhir 2-5, pasukan Carlo Ancelotti keok. 

        
        Kekalahan pahit 2-5 ini bukan yang pertama kali dirasakan Real Madrid musim ini. Sebelumnya, kedua tim sudah berjumpa di El Clasico pertama musim ini, yaitu pada 27 Oktober 2024 lalu di Santiago Bernabeu.
Real Madrid bermain kandang, nahas justru babak belur. Vinicius dkk. tidak bisa mencetak satu gol pun, bahkan dipaksa menyerah dengan skor telak 0-4.
Saat itu gol-gol Barca diborong oleh Robert Lewandowski (54', 56'), Lamine Yamal (77'), dan Raphinha (84').
Lini depan Madrid tumpul dan jelas bahwa lini belakang mereka tidak cukup tangguh untuk menghadapi gempuran Barca di bawah Hansi Flick.

        
        Dua pertandingan El Clasico musim ini menunjukkan kelemahan Madrid di hadapan sang rival. Padahal performa Barcelona akhir-akhir ini juga tidak begitu bagus, khususnya di liga.
Madrid sudah memainkan dua El Clasico musim ini dan nahas sudah kebobolan 9 gol, hanya bisa mencetak 2 gol. Tanpa menghitung kemungkinan Liga Champions dan Copa del Rey, masih ada satu El Clasico lagi di liga, tapi Madrid akan bermain tandang.
Kekalahan di El Clasico yang terbaru ini pun lebih pahit karena terjadi di final Supercopa de Espana, artinya ada trofi yang melayang dari jangkauan skuad Los Blancos.
Lebih dari itu, Carlo Ancelotti punya PR untuk memperbaiki performa timnya di laga-laga penting melawan tim top."
"Hasil Lengkap, Klasemen, dan Top Skor La Liga 2024/2025",2025-01-13 08:01:00+07:00,"Hasil lengkap, klasemen dan top skor La Liga 2024/2025. Liga Spanyol memainkan dua pertandingan pekan ke-19 pada Minggu (13/1/2025) malam WIB.
 Getafe berhasil meraih kemenangan 2-1 atas tuan rumah Las Palmas. Getafe menang berkat gol Coba da Costa dan Borja Mayoral yang hanya mampu dibalas Adnan Januzaj.
 Hasil tersebut meningkatkan posisi Getafe ke peringkat 15 klasemen La Liga dengan 19 poin. Adapun Las Palmas berada di atasnya dengan 22 poin.
                    
                        
                    
 Atletico Madrid meraih kemenangan tipis 1-0 atas Osasuna di kandang mereka, Civitas Metropolitano. Julian Alvarez menjadi penentu kemenangan tim asuhan Diego Simeone.
 Kemenangan ini membawa Atletico ke puncak klasemen dengan 44 poin. Los Rojiblancos unggul satu poin dari Real Madrid yang berada di posisi kedua.
 Yuk simak hasil, klasemen, dan top skor La Liga 2024/2025 selengkapnya di bawah ini ya Bolaneters. 

        
        Sabtu, 11 Januari 2025
03:00 WIB Rayo Vallecano 2-1 Celta Vigo20:00 WIB Deportivo Alaves 0-1 Girona22:15 WIB Real Valladolid 1-0 Real Betis
Minggu, 12 Januari 2025
00:30 WIB Espanyol 1-1 Leganes03:00 WIB Sevilla 1-1 Valencia20:00 WIB Las Palmas 1-2 Getafe22:15 WIB Atletico Madrid 1-0 Osasuna

        
        Selasa, 14 Januari 2025
03:00 WIB Real Sociedad vs Villarreal

        
        

        
        16 gol:&nbsp;Robert Lewandowski (Barcelona)
11 gol: Raphinha (Barcelona)
10 gol:&nbsp;Ante Budimir (Osasuna),&nbsp;Kylian Mbappe (Real Madrid)
8 gol:&nbsp;Vinicius Junior (Real Madrid),&nbsp;Ayoze Perez (Villarreal), Alexander Sorloth (Atletico Madrid), Dodi Lukebakio (Sevilla)"
"Rapor Pemain Barcelona Saat Hajar Real Madrid 5-2: Raphinha Menyala, Lamine Yamal Fenomenal",2025-01-13 07:04:00+07:00,"Barcelona sukses menjadi juara Supercopa de Espana 2025 usai mengandaskan Real Madrid dengan skor 5-2 dalam laga final yang digelar di King Abdullah Sports City, Jeddah, Senin (13/1/2025) dini hari WIB.
 Dua dari lima gol Barca diborong oleh Raphinha, sedangkan tiga gol lainnya masing-masing dicetak Lamine Yamal, Robert Lewandowski, dan Alejandro Balde.
 Sementara itu, Real Madrid mencetak gol lewat aksi Kylian Mbappe dan Rodrygo.
                    
                        
                    
 Barca sendiri bermain dengan 10 orang sejak menit ke-56 karena Wojciech Szczesny mendapat kartu merah.
 Bagaimana rapor para pemain Barcelona di laga ini? Simak ulasan selengkapnya berikut ini. 

        
        Secara umum lini belakang Barca bermain apik. Namun, penjaga gawang Wojciech Szczesny melakukan pelanggaran yang ceroboh sehingga membuatnya diganjar kartu merah.
Berikut rapor para pemain lini belakang Barcelona selengkapnya:

        
        Lini tengah Barca bermain impresif, terutama Pedri yang bekerja lebih keras usai timnya harus tampil dengan 10 orang.
Berikut rapor para pemain lini tengah Barcelona selengkapnya:

        
        Semua pemain depan Barca tampil luar biasa pada laga ini, terutama Raphinha yang berandil memborong dua gol. Selain itu, Lamine Yamal dan Robert Lewandowski juga ikut mencatatkan namanya di papan skor
Berikut rapor para pemain lini depan Barcelona selengkapnya:

        
        Dalam laga ini, Hansi Flick menggunakan empat jatah pergantian pemain, termasuk Dani Olmo yang akhirnya bisa kembali dimainkan usai masalah pendaftarannya beres.
Berikut rapor para pemain pengganti Barcelona selengkapnya:

        
        Real Madrid: Courtois; Vazquez (Asencio 52'), Tchouameni (Modric 64'), Rudiger, Mendy (Garcia 75'); Valverde, Camavinga (Ceballos 46'); Rodrygo, Bellingham, Vinicius (Diaz 76'); Mbappe.
Pelatih: Ancelotti.
Barcelona: Szczesny; Kounde, Cubarsi, Martinez (Araujo 28'), Balde; Gavi (Pena 59'), Casado, Pedri; Yamal (Olmo 59'), Lewandowski, Raphinha (Torres 79').
Pelatih: Flick."
"Rapor Pemain Real Madrid Saat Dihajar 2-5 Barcelona: Vazquez Diobok-obok, Bellingham Menghilang, Mbappe Mendingan",2025-01-13 06:34:00+07:00,"Real Madrid harus menyerah dari Barcelona dengan skor telak 2-5 dalam laga final Supercopa de Espana 2025 yang digelar di King Abdullah Sports City, Jeddah, Senin (13/1/2025) dini hari WIB.
 Real Madrid sejatinya mengawali laga dengan meyakinkan usai mencetak gol lewat Kylian Mbappe ketika pertandingan baru berjalan lima menit. Namun, setelah itu Los Blancos dibuat menderita.
 Dua dari lima gol Barca diborong oleh Raphinha, sedangkan tiga gol lainnya masing-masing dicetak Lamine Yamal, Robert Lewandowski, dan Alejandro Balde.
                    
                        
                    
 Usai kartu merah yang didapat Wojciech Szczesny, Real Madrid hanya bisa memperkecil ketinggalan berkat gol Rodrygo lewat eksekusi tendangan bebas.
 Bagaimana rapor para pemain Real Madrid di laga ini? Simak ulasan selengkapnya berikut ini. 

        
        Lini belakang Real Madrid tampil buruk di laga ini, terutama Lucas Vazquez di sisi kanan yang menjadi bulan-bulanan Raphinha. Selain itu, penjaga gawang Thibaut Courtois juga seharusnya bisa berbuat lebih baik di laga ini.
Berikut rapor para pemain lini belakang Real Madrid selengkapnya:

        
        Penampilan buruk juga diperlihatkan lini tengah Real Madrid. Jude Bellingham yang diharapkan bisa menjadi inspirator tim justru nyaris tak terlihat di sepanjang laga.
Berikut rapor para pemain lini tengah Real Madrid selengkapnya:

        
        Dari tiga penyerang yang dimainkan Carlo Ancelotti, bisa dibilang hanya Kylian Mbappe yang mendingan. Ia berandil mencetak gol pembuka dan membuat Szczesny diganjar kartu merah.
Berikut rapor para pemain lini depan Real Madrid selengkapnya:

        
        Dalam laga ini, Carlo Ancelotti menggunakan lima jatah pergantian pemain, termasuk Dani Ceballos yang dimasukkan sejak awal babak kedua.
Berikut rapor para pemain pengganti Real Madrid selengkapnya:

        
        Real Madrid: Courtois; Vazquez (Asencio 52'), Tchouameni (Modric 64'), Rudiger, Mendy (Garcia 75'); Valverde, Camavinga (Ceballos 46'); Rodrygo, Bellingham, Vinicius (Diaz 76'); Mbappe.
Pelatih: Ancelotti.
Barcelona: Szczesny; Kounde, Cubarsi, Martinez (Araujo 28'), Balde; Gavi (Pena 59'), Casado, Pedri; Yamal (Olmo 59'), Lewandowski, Raphinha (Torres 79').
Pelatih: Flick."
"Barcelona Hajar Real Madrid 5-2 dan Juara Supercopa de Espana, Barca B-nya Bantai!",2025-01-13 05:11:00+07:00,"Barcelona sukses menjadi juara Supercopa de Espana 2025 usai mengandaskan Real Madrid dengan skor 5-2 dalam laga final yang digelar di King Abdullah Sports City, Jeddah, Senin (13/1/2025) dini hari WIB.
 Dua dari lima gol Barca diborong oleh Raphinha, sedangkan tiga gol lainnya masing-masing dicetak Lamine Yamal, Robert Lewandowski, dan Alejandro Balde.
 Sementara itu, Real Madrid mencetak gol lewat aksi Kylian Mbappe dan Rodrygo.
                    
                        
                    
 Barca sendiri bermain dengan 10 orang sejak menit ke-56 karena Wojciech Szczesny mendapat kartu merah.
 Warganet di media sosial X memberikan beragam reaksi terhadap hasil laga ini. Berikut beberapa di antaranya. 

        
        Barca menang madrit tepongkeng hari ini &#129315;&#129315;
&mdash; wisebro (@gimmmover) January 12, 2025


        
        Musim ini selalu kalah di match penting.Salah siapa? Salah sendiri. pic.twitter.com/CBdiwVhmFm
&mdash; Santiago Bernadya (@harian_madrid) January 12, 2025


        
        barca b nya bantai bantai
&mdash; &#10084;&zwj;&#128293; (@shopietourhowls) January 12, 2025


        
        sepanjang seumur hidup sampe sekarang, selama nonton barca, adaa aja momen bantai madridnya. kalah gak jarang, tapi menang bantai juga gak jarang wkwkwk.
&mdash; depek (@pikaaacuk) January 12, 2025


        
        congrats barca, bantai aja itu tim kaga papa biar belanja pemain
&mdash; Sozin (@stingeeeeer) January 12, 2025

&ldquo;Pencapaian barca cuma bantai madrid di 2024&rdquo; ni bang di 2025 bantai lagi tapi di final wkwkwk https://t.co/UF6h9mo63a
&mdash; Mas (@prettyybooyyy) January 12, 2025

barca nih ada gila gilanya
&mdash; 7&#128016; (@partecristiano0) January 12, 2025

Sumber: X"
Selamat! Barcelona Juara Piala Super Spanyol 2025 Usai Hajar Real Madrid 5-2,2025-01-13 04:44:00+07:00,"Barcelona sukses menjadi juara Supercopa de Espana 2025. Prestasi ini diraih usai menghajar Real Madrid dengan skor 5-2 dalam laga final yang digelar di King Abdullah Sports City, Jeddah, Senin (13/1/2025) dini hari WIB.
 Dua dari lima gol Barca diborong oleh Raphinha, sedangkan tiga gol lainnya masing-masing dicetak Lamine Yamal, Robert Lewandowski, dan Alejandro Balde.
 Sementara itu, Real Madrid mencetak gol lewat aksi Kylian Mbappe dan Rodrygo.
                    
                        
                    
 Barca sendiri bermain dengan 10 orang sejak menit ke-56 karena Wojciech Szczesny mendapat kartu merah. 

        
        Barca tampil di Piala Super Spanyol 2025 dengan predikat sebagai runner up La Liga 2023/2024. Sebagai lawan di semifinal, Barca menghadapi kampiun Copa del Rey 2023/2024, Athletic Bilbao.
Barcelona sukses mengandaskan Athletic Bilbao dengan skor 2-0. Dua gol kemenangan Barca masing-masing diciptakan oleh Pablo Gavi di babak pertama dan Lamine Yamal di babak kedua.
Barca pun berhak lolos ke final untuk menantang Real Madrid. Di final, Barca tampil perkasa untuk mengandaskan sang rival abadi dengan skor telak 5-2.

        
        Hasil ini membuat Barca sukses menjadi juara Supercopa de Espana untuk yang ke-15 kali. Blaugrana pun menjauh dari Real Madrid yang menduduki peringkat kedua dengan raihan 13 trofi.
Sementara bagi Real Madrid yang berstatus sebagai juara bertahan, ini adalah kali ketujuh mereka hanya mampu menjadi runner up di Supercopa de Espana.
Barca dan Real Madrid jauh mengungguli tim-tim lain dalam hal perolehan trofi juara Supercopa de Espana. Tim terdekat dari mereka adalah Athletic Bilbao dan Deportivo La Coruna yang sama-sama meraih tiga trofi.

        
        Kamis, 9 Januari 2025
Jumat, 10 Januari 2025
Senin, 13 Januari 2025"
Man of the Match Real Madrid vs Barcelona: Raphinha,2025-01-13 04:22:00+07:00,"Raphinha layak terpilih menjadi pemain terbaik dari kemenangan 5-2 Barcelona atas Real Madrid dalam laga final Supercopa de Espana 2025 di King Abdullah Sports City, Jeddah, Senin (13/1/2025) dini hari WIB.
 Dua dari lima gol Barca diborong oleh Raphinha, sedangkan tiga gol lainnya masing-masing dicetak Lamine Yamal, Robert Lewandowski, dan Alejandro Balde.
 Sementara itu, Real Madrid mencetak gol lewat aksi Kylian Mbappe dan Rodrygo.
                    
                        
                    
 Barca sendiri bermain dengan 10 orang sejak menit ke-56 karena Wojciech Szczesny mendapat kartu merah. 

        
        Raphinha menjadi inspirator kemenangan Barca pada laga El Clasico kali ini. Pemain asal Brasil itu menciptakan dua gol ke gawang Thibaut Courtois, masing-masing di babak pertama dan babak kedua.
Tak cuma itu, Raphinha juga berandil memberikan assist untuk gol yang dicetak Balde di penghujung babak pertama.
Secara keseluruhan, Raphinha tercatat melepas empat tembakan, menciptakan empat peluang, dua kali melakukan dribble sukses, dan lima kali menyentuh bola di kotak penalti lawan.

        
        Real Madrid: Courtois; Vazquez, Tchouameni (Modric 64'), Rudiger, Mendy (Garcia 75'); Valverde, Camavinga (Ceballos 46'); Rodrygo, Bellingham, Vinicius (Diaz 76'); Mbappe.
Pelatih: Ancelotti.
Barcelona: Szczesny; Kounde, Cubarsi, Martinez (Araujo 28'), Balde; Gavi (Pena 59'), Casado, Pedri; Yamal (Olmo 59'), Lewandowski, Raphinha (Torres 79').
Pelatih: Flick."
Hasil Real Madrid vs Barcelona: Skor 2-5,2025-01-13 04:13:00+07:00,"Barcelona sukses menjadi juara Supercopa de Espana 2025 usai mengandaskan Real Madrid dengan skor 5-2 dalam laga final yang digelar di King Abdullah Sports City, Jeddah, Senin (13/1/2025) dini hari WIB.
 Dua dari lima gol Barca diborong oleh Raphinha, sedangkan tiga gol lainnya masing-masing dicetak Lamine Yamal, Robert Lewandowski, dan Alejandro Balde.
 Sementara itu, Real Madrid mencetak gol lewat aksi Kylian Mbappe dan Rodrygo.
                    
                        
                    
 Barca sendiri bermain dengan 10 orang sejak menit ke-56 karena Wojciech Szczesny mendapat kartu merah.
 Simak ulasan pertandingan selengkapnya di bawah ini. 

        
        Laga baru berjalan lima menit, Real Madrid sukses membuka keunggulan lebih dulu berkat gol Mbappe. Barca baru bisa membalas di menit ke-22 berkat gol Yamal.
Menit ke-35, Barca mendapat penalti usai VAR menilai ada pelanggaran terhadap Gavi di kotak terlarang. Lewandowski pun sukses menuntaskan penalti ini menjadi gol.
Tiga menit berselang, Barca memperbesar keunggulan lewat aksi Raphinha. Barca mengakhiri babak pertama dengan keunggulan 4-1 usai Balde mencetak gol di menit ke-10 masa injury time.

        
        Kembali dari kamar ganti, Barca semakin berada di atas angin usai Raphinha mencetak gol keduanya di menit ke-48. Barca kini unggul dengan skor telak 5-1.
Menit ke-56, Barca harus bermain dengan 10 orang usai Szczesny diganjar kartu merah karena dianggap melakukan pelanggaran keras terhadap Mbappe.
Situasi ini dimanfaatkan Real Madrid untuk memperkecil ketinggalan lewat gol Rodrygo di menit ke-60. Los Blancos semakin bersemangat untuk mengejar Barca.
Sayang, sejumlah peluang yang didapat belum mampu dimanfaatkan Real Madrid untuk menambah gol di sisa waktu. Skor 5-2 untuk kemenangan Barca pun menjadi hasil akhir laga ini.

        
        Real Madrid: Courtois; Vazquez, Tchouameni (Modric 64'), Rudiger, Mendy (Garcia 75'); Valverde, Camavinga (Ceballos 46'); Rodrygo, Bellingham, Vinicius (Diaz 76'); Mbappe.
Pelatih: Ancelotti.
Barcelona: Szczesny; Kounde, Cubarsi, Martinez (Araujo 28'), Balde; Gavi (Pena 59'), Casado, Pedri; Yamal (Olmo 59'), Lewandowski, Raphinha (Torres 79').
Pelatih: Flick."
